<?xml version="1.0" encoding="UTF-8"?>
<rqt_multiplot>
    <table>
        <background_color>#2e3436</background_color>
        <foreground_color>#eeeeec</foreground_color>
        <link_cursor>true</link_cursor>
        <link_scale>false</link_scale>
        <plots>
            <row_0>
                <column_0>
                    <axes>
                        <axes>
                            <x_axis>
                                <custom_title>Sim Time (s)</custom_title>
                                <title_type>1</title_type>
                                <title_visible>true</title_visible>
                            </x_axis>
                            <y_axis>
                                <custom_title>Effort (Nm)</custom_title>
                                <title_type>1</title_type>
                                <title_visible>true</title_visible>
                            </y_axis>
                        </axes>
                    </axes>
                    <curves>
                        <curve_0>
                            <axes>
                                <x_axis>
                                    <field>header/stamp</field>
                                    <field_type>0</field_type>
                                    <scale>
                                        <absolute_maximum>50</absolute_maximum>
                                        <absolute_minimum>0</absolute_minimum>
                                        <relative_maximum>50</relative_maximum>
                                        <relative_minimum>-50</relative_minimum>
                                        <type>0</type>
                                    </scale>
                                    <topic>/joint_states</topic>
                                    <type>sensor_msgs/JointState</type>
                                </x_axis>
                                <y_axis>
                                    <field>effort/1</field>
                                    <field_type>0</field_type>
                                    <scale>
                                        <absolute_maximum>1000</absolute_maximum>
                                        <absolute_minimum>0</absolute_minimum>
                                        <relative_maximum>0</relative_maximum>
                                        <relative_minimum>-1000</relative_minimum>
                                        <type>0</type>
                                    </scale>
                                    <topic>/joint_states</topic>
                                    <type>sensor_msgs/JointState</type>
                                </y_axis>
                            </axes>
                            <color>
                                <custom_color>#00ff00</custom_color>
                                <type>1</type>
                            </color>
                            <data>
                                <circular_buffer_capacity>1000</circular_buffer_capacity>
                                <time_frame_length>10</time_frame_length>
                                <type>1</type>
                            </data>
                            <style>
                                <lines_interpolate>false</lines_interpolate>
                                <pen_style>1</pen_style>
                                <pen_width>1</pen_width>
                                <render_antialias>false</render_antialias>
                                <steps_invert>false</steps_invert>
                                <sticks_baseline>0</sticks_baseline>
                                <sticks_orientation>2</sticks_orientation>
                                <type>0</type>
                            </style>
                            <subscriber_queue_size>100</subscriber_queue_size>
                            <title>Front Left Wheel Effort</title>
                        </curve_0>
                    </curves>
                    <legend>
                        <visible>false</visible>
                    </legend>
                    <plot_rate>10</plot_rate>
                    <title>Front Left Wheel Effort</title>
                </column_0>
                <column_1>
                    <axes>
                        <axes>
                            <x_axis>
                                <custom_title>Sim Time (s)</custom_title>
                                <title_type>1</title_type>
                                <title_visible>true</title_visible>
                            </x_axis>
                            <y_axis>
                                <custom_title>Effort (Nm)</custom_title>
                                <title_type>1</title_type>
                                <title_visible>true</title_visible>
                            </y_axis>
                        </axes>
                    </axes>
                    <curves>
                        <curve_0>
                            <axes>
                                <x_axis>
                                    <field>header/stamp</field>
                                    <field_type>0</field_type>
                                    <scale>
                                        <absolute_maximum>1000</absolute_maximum>
                                        <absolute_minimum>0</absolute_minimum>
                                        <relative_maximum>0</relative_maximum>
                                        <relative_minimum>-1000</relative_minimum>
                                        <type>0</type>
                                    </scale>
                                    <topic>/joint_states</topic>
                                    <type>sensor_msgs/JointState</type>
                                </x_axis>
                                <y_axis>
                                    <field>effort/2</field>
                                    <field_type>0</field_type>
                                    <scale>
                                        <absolute_maximum>1000</absolute_maximum>
                                        <absolute_minimum>0</absolute_minimum>
                                        <relative_maximum>0</relative_maximum>
                                        <relative_minimum>-1000</relative_minimum>
                                        <type>0</type>
                                    </scale>
                                    <topic>/joint_states</topic>
                                    <type>sensor_msgs/JointState</type>
                                </y_axis>
                            </axes>
                            <color>
                                <custom_color>#174dff</custom_color>
                                <type>1</type>
                            </color>
                            <data>
                                <circular_buffer_capacity>1000</circular_buffer_capacity>
                                <time_frame_length>10</time_frame_length>
                                <type>1</type>
                            </data>
                            <style>
                                <lines_interpolate>false</lines_interpolate>
                                <pen_style>1</pen_style>
                                <pen_width>1</pen_width>
                                <render_antialias>false</render_antialias>
                                <steps_invert>false</steps_invert>
                                <sticks_baseline>0</sticks_baseline>
                                <sticks_orientation>2</sticks_orientation>
                                <type>0</type>
                            </style>
                            <subscriber_queue_size>100</subscriber_queue_size>
                            <title>Front Right Wheel Effort</title>
                        </curve_0>
                    </curves>
                    <legend>
                        <visible>false</visible>
                    </legend>
                    <plot_rate>10</plot_rate>
                    <title>Front Right Wheel Effort</title>
                </column_1>
            </row_0>
            <row_1>
                <column_0>
                    <axes>
                        <axes>
                            <x_axis>
                                <custom_title>Sim Time (s)</custom_title>
                                <title_type>1</title_type>
                                <title_visible>true</title_visible>
                            </x_axis>
                            <y_axis>
                                <custom_title>Effort (Nm)</custom_title>
                                <title_type>1</title_type>
                                <title_visible>true</title_visible>
                            </y_axis>
                        </axes>
                    </axes>
                    <curves>
                        <curve_0>
                            <axes>
                                <x_axis>
                                    <field>header/stamp</field>
                                    <field_type>0</field_type>
                                    <scale>
                                        <absolute_maximum>1000</absolute_maximum>
                                        <absolute_minimum>0</absolute_minimum>
                                        <relative_maximum>0</relative_maximum>
                                        <relative_minimum>-1000</relative_minimum>
                                        <type>0</type>
                                    </scale>
                                    <topic>/joint_states</topic>
                                    <type>sensor_msgs/JointState</type>
                                </x_axis>
                                <y_axis>
                                    <field>effort/3</field>
                                    <field_type>0</field_type>
                                    <scale>
                                        <absolute_maximum>1000</absolute_maximum>
                                        <absolute_minimum>0</absolute_minimum>
                                        <relative_maximum>0</relative_maximum>
                                        <relative_minimum>-1000</relative_minimum>
                                        <type>0</type>
                                    </scale>
                                    <topic>/joint_states</topic>
                                    <type>sensor_msgs/JointState</type>
                                </y_axis>
                            </axes>
                            <color>
                                <custom_color>#000000</custom_color>
                                <type>0</type>
                            </color>
                            <data>
                                <circular_buffer_capacity>1000</circular_buffer_capacity>
                                <time_frame_length>10</time_frame_length>
                                <type>1</type>
                            </data>
                            <style>
                                <lines_interpolate>false</lines_interpolate>
                                <pen_style>1</pen_style>
                                <pen_width>1</pen_width>
                                <render_antialias>false</render_antialias>
                                <steps_invert>false</steps_invert>
                                <sticks_baseline>0</sticks_baseline>
                                <sticks_orientation>2</sticks_orientation>
                                <type>0</type>
                            </style>
                            <subscriber_queue_size>100</subscriber_queue_size>
                            <title>Back Left Wheel Effort</title>
                        </curve_0>
                    </curves>
                    <legend>
                        <visible>false</visible>
                    </legend>
                    <plot_rate>10</plot_rate>
                    <title>Back Left Wheel Effort</title>
                </column_0>
                <column_1>
                    <axes>
                        <axes>
                            <x_axis>
                                <custom_title>Sim Time (s)</custom_title>
                                <title_type>1</title_type>
                                <title_visible>true</title_visible>
                            </x_axis>
                            <y_axis>
                                <custom_title>Effort (Nm)</custom_title>
                                <title_type>1</title_type>
                                <title_visible>true</title_visible>
                            </y_axis>
                        </axes>
                    </axes>
                    <curves>
                        <curve_0>
                            <axes>
                                <x_axis>
                                    <field>header/stamp</field>
                                    <field_type>0</field_type>
                                    <scale>
                                        <absolute_maximum>1000</absolute_maximum>
                                        <absolute_minimum>0</absolute_minimum>
                                        <relative_maximum>0</relative_maximum>
                                        <relative_minimum>-1000</relative_minimum>
                                        <type>0</type>
                                    </scale>
                                    <topic>/joint_states</topic>
                                    <type>sensor_msgs/JointState</type>
                                </x_axis>
                                <y_axis>
                                    <field>effort/4</field>
                                    <field_type>0</field_type>
                                    <scale>
                                        <absolute_maximum>1000</absolute_maximum>
                                        <absolute_minimum>0</absolute_minimum>
                                        <relative_maximum>0</relative_maximum>
                                        <relative_minimum>-1000</relative_minimum>
                                        <type>0</type>
                                    </scale>
                                    <topic>/joint_states</topic>
                                    <type>sensor_msgs/JointState</type>
                                </y_axis>
                            </axes>
                            <color>
                                <custom_color>#fce94f</custom_color>
                                <type>1</type>
                            </color>
                            <data>
                                <circular_buffer_capacity>1000</circular_buffer_capacity>
                                <time_frame_length>10</time_frame_length>
                                <type>1</type>
                            </data>
                            <style>
                                <lines_interpolate>false</lines_interpolate>
                                <pen_style>1</pen_style>
                                <pen_width>1</pen_width>
                                <render_antialias>false</render_antialias>
                                <steps_invert>false</steps_invert>
                                <sticks_baseline>0</sticks_baseline>
                                <sticks_orientation>2</sticks_orientation>
                                <type>0</type>
                            </style>
                            <subscriber_queue_size>100</subscriber_queue_size>
                            <title>Back Right Wheel Effort</title>
                        </curve_0>
                    </curves>
                    <legend>
                        <visible>false</visible>
                    </legend>
                    <plot_rate>10</plot_rate>
                    <title>Back Right Wheel Effort</title>
                </column_1>
            </row_1>
        </plots>
        <track_points>false</track_points>
    </table>
</rqt_multiplot>
